"",symbol,date,ILLIQ,yang_zhang_sigma,stock_sigma_mean,ILLIQ_P,yang_zhang_sigma_P,stock_sigma_mean_P
285,000985.CSI,2021-01-04,11.050464,0.007718,0.026864,20.0,10.0,40.0
286,000985.CSI,2021-01-05,11.126426,0.007908,0.027177,30.0,10.0,40.0
287,000985.CSI,2021-01-06,11.114512,0.008266,0.027626,30.0,10.0,40.0
288,000985.CSI,2021-01-07,10.222296,0.008335,0.028132,10.0,10.0,50.0
289,000985.CSI,2021-01-08,10.319094,0.008487,0.028901,20.0,20.0,50.0
290,000985.CSI,2021-01-11,10.051444,0.008471,0.029213,10.0,20.0,50.0
291,000985.CSI,2021-01-12,10.401953,0.008589,0.029378,20.0,20.0,50.0
292,000985.CSI,2021-01-13,10.514534,0.008887,0.029786,20.0,20.0,50.0
293,000985.CSI,2021-01-14,10.976365,0.009069,0.030255,20.0,20.0,60.0
294,000985.CSI,2021-01-15,10.245625,0.009241,0.030260,20.0,20.0,60.0
295,000985.CSI,2021-01-18,10.737522,0.009408,0.030548,20.0,30.0,60.0
296,000985.CSI,2021-01-19,10.457393,0.009486,0.030779,20.0,30.0,60.0
297,000985.CSI,2021-01-20,9.904035,0.009268,0.030755,10.0,20.0,60.0
298,000985.CSI,2021-01-21,10.098518,0.009373,0.030813,10.0,20.0,60.0
299,000985.CSI,2021-01-22,9.555174,0.009385,0.030801,0.0,20.0,60.0
300,000985.CSI,2021-01-25,9.043276,0.009563,0.030928,0.0,30.0,60.0
301,000985.CSI,2021-01-26,10.017925,0.009683,0.031060,10.0,30.0,60.0
302,000985.CSI,2021-01-27,9.827519,0.009894,0.031016,10.0,30.0,60.0
303,000985.CSI,2021-01-28,10.425560,0.010557,0.031367,20.0,40.0,70.0
304,000985.CSI,2021-01-29,9.926431,0.011438,0.031879,10.0,50.0,70.0
305,000985.CSI,2021-02-01,9.775605,0.011248,0.032282,10.0,50.0,70.0
306,000985.CSI,2021-02-02,10.053937,0.011289,0.032310,10.0,50.0,70.0
307,000985.CSI,2021-02-03,10.320644,0.011080,0.032273,20.0,50.0,70.0
308,000985.CSI,2021-02-04,10.564881,0.011364,0.032356,30.0,50.0,70.0
309,000985.CSI,2021-02-05,10.783832,0.011359,0.032176,30.0,50.0,70.0
310,000985.CSI,2021-02-08,11.075805,0.011221,0.032026,30.0,50.0,70.0
311,000985.CSI,2021-02-09,11.420603,0.011247,0.031912,40.0,50.0,70.0
312,000985.CSI,2021-02-10,12.114638,0.011145,0.031589,50.0,50.0,70.0
313,000985.CSI,2021-02-18,11.584904,0.012079,0.031648,40.0,60.0,70.0
314,000985.CSI,2021-02-19,11.944178,0.012195,0.031655,50.0,70.0,70.0
315,000985.CSI,2021-02-22,12.001444,0.012237,0.031976,50.0,70.0,70.0
316,000985.CSI,2021-02-23,11.665452,0.012508,0.032003,40.0,70.0,70.0
317,000985.CSI,2021-02-24,12.135743,0.013172,0.032090,50.0,70.0,70.0
318,000985.CSI,2021-02-25,11.480672,0.013229,0.032123,40.0,70.0,70.0
319,000985.CSI,2021-02-26,12.637212,0.014245,0.032407,60.0,70.0,80.0
320,000985.CSI,2021-03-01,13.675597,0.014294,0.032116,70.0,70.0,70.0
321,000985.CSI,2021-03-02,13.272745,0.014529,0.031878,70.0,70.0,70.0
322,000985.CSI,2021-03-03,14.163566,0.014462,0.031649,70.0,70.0,70.0
323,000985.CSI,2021-03-04,14.171119,0.014316,0.031305,70.0,70.0,70.0
324,000985.CSI,2021-03-05,13.720675,0.014286,0.030946,70.0,70.0,60.0
325,000985.CSI,2021-03-08,14.710841,0.014905,0.030677,80.0,80.0,60.0
326,000985.CSI,2021-03-09,15.215392,0.015501,0.031305,80.0,80.0,70.0
327,000985.CSI,2021-03-10,14.927707,0.015798,0.031335,80.0,80.0,70.0
328,000985.CSI,2021-03-11,16.114062,0.015622,0.030914,80.0,80.0,60.0
329,000985.CSI,2021-03-12,15.976241,0.015675,0.030504,80.0,80.0,60.0
330,000985.CSI,2021-03-15,16.147832,0.015810,0.030305,80.0,80.0,60.0
331,000985.CSI,2021-03-16,15.389825,0.015769,0.030172,80.0,80.0,60.0
332,000985.CSI,2021-03-17,14.800296,0.015856,0.030148,80.0,80.0,50.0
333,000985.CSI,2021-03-18,15.182725,0.015112,0.029707,80.0,80.0,50.0
334,000985.CSI,2021-03-19,16.116747,0.015210,0.029675,90.0,80.0,50.0
335,000985.CSI,2021-03-22,16.230238,0.015086,0.029110,90.0,80.0,50.0
336,000985.CSI,2021-03-23,16.775488,0.014952,0.028986,90.0,80.0,50.0
337,000985.CSI,2021-03-24,16.859405,0.014558,0.028957,90.0,80.0,50.0
338,000985.CSI,2021-03-25,16.846785,0.014436,0.028938,90.0,70.0,50.0
339,000985.CSI,2021-03-26,17.174062,0.013603,0.028468,90.0,70.0,40.0
340,000985.CSI,2021-03-29,16.149761,0.013471,0.028429,90.0,70.0,40.0
341,000985.CSI,2021-03-30,15.928594,0.013150,0.028432,80.0,70.0,40.0
342,000985.CSI,2021-03-31,15.329480,0.013116,0.028550,80.0,70.0,50.0
343,000985.CSI,2021-04-01,14.744889,0.012801,0.028474,80.0,70.0,50.0
344,000985.CSI,2021-04-02,15.231068,0.012122,0.028226,80.0,60.0,40.0
345,000985.CSI,2021-04-06,13.695006,0.011316,0.027821,70.0,60.0,40.0
346,000985.CSI,2021-04-07,12.654768,0.010389,0.026738,60.0,40.0,30.0
347,000985.CSI,2021-04-08,12.594541,0.009913,0.026402,60.0,40.0,20.0
348,000985.CSI,2021-04-09,11.705471,0.009719,0.026134,40.0,30.0,20.0
349,000985.CSI,2021-04-12,12.721756,0.009719,0.026168,60.0,30.0,20.0
350,000985.CSI,2021-04-13,11.886569,0.009346,0.026129,50.0,20.0,20.0
351,000985.CSI,2021-04-14,12.160002,0.009130,0.026151,50.0,20.0,20.0
352,000985.CSI,2021-04-15,12.181599,0.008989,0.026208,50.0,20.0,20.0
353,000985.CSI,2021-04-16,12.271572,0.009069,0.026275,60.0,20.0,20.0
354,000985.CSI,2021-04-19,12.278870,0.008630,0.026083,60.0,20.0,20.0
355,000985.CSI,2021-04-20,11.471476,0.008742,0.026090,40.0,20.0,20.0
356,000985.CSI,2021-04-21,10.790721,0.008559,0.025875,30.0,10.0,20.0
357,000985.CSI,2021-04-22,9.794390,0.008204,0.025594,10.0,10.0,20.0
358,000985.CSI,2021-04-23,10.091135,0.007980,0.025353,20.0,10.0,20.0
359,000985.CSI,2021-04-26,9.124485,0.008143,0.025583,0.0,10.0,20.0
360,000985.CSI,2021-04-27,9.019923,0.008112,0.025731,0.0,10.0,20.0
361,000985.CSI,2021-04-28,9.071114,0.008088,0.025787,0.0,10.0,20.0
362,000985.CSI,2021-04-29,8.927936,0.007967,0.025820,0.0,10.0,20.0
363,000985.CSI,2021-04-30,8.411291,0.008067,0.025997,0.0,10.0,20.0
364,000985.CSI,2021-05-06,8.267950,0.008269,0.026176,0.0,10.0,30.0
365,000985.CSI,2021-05-07,8.957516,0.008384,0.026293,0.0,20.0,30.0
366,000985.CSI,2021-05-10,8.817694,0.008271,0.026433,0.0,10.0,30.0
367,000985.CSI,2021-05-11,9.035847,0.008666,0.026627,10.0,20.0,40.0
368,000985.CSI,2021-05-12,8.786719,0.008643,0.026692,0.0,20.0,40.0
369,000985.CSI,2021-05-13,8.209586,0.008602,0.026669,0.0,20.0,40.0
370,000985.CSI,2021-05-14,9.128105,0.008744,0.026622,10.0,20.0,40.0
371,000985.CSI,2021-05-17,8.736336,0.008864,0.026756,0.0,20.0,40.0
372,000985.CSI,2021-05-18,8.463113,0.008703,0.026682,0.0,20.0,40.0
373,000985.CSI,2021-05-19,8.017451,0.008573,0.026587,0.0,20.0,40.0
374,000985.CSI,2021-05-20,6.693715,0.008308,0.026621,0.0,10.0,40.0
375,000985.CSI,2021-05-21,6.994501,0.008301,0.026565,0.0,10.0,40.0
376,000985.CSI,2021-05-24,7.256492,0.008292,0.026693,0.0,10.0,40.0
377,000985.CSI,2021-05-25,8.428126,0.008413,0.026723,0.0,20.0,40.0
378,000985.CSI,2021-05-26,8.197844,0.008393,0.026733,0.0,20.0,40.0
379,000985.CSI,2021-05-27,8.009258,0.008135,0.026449,0.0,10.0,40.0
380,000985.CSI,2021-05-28,8.081301,0.008130,0.026242,0.0,10.0,30.0
381,000985.CSI,2021-05-31,8.086321,0.008147,0.026073,0.0,10.0,20.0
382,000985.CSI,2021-06-01,7.942174,0.008333,0.026001,0.0,20.0,20.0
383,000985.CSI,2021-06-02,8.182920,0.008383,0.025847,0.0,20.0,20.0
384,000985.CSI,2021-06-03,8.069658,0.008251,0.025757,0.0,10.0,20.0
385,000985.CSI,2021-06-04,7.633823,0.008387,0.025666,0.0,20.0,20.0
386,000985.CSI,2021-06-07,7.638789,0.008320,0.025567,0.0,20.0,10.0
387,000985.CSI,2021-06-08,7.821811,0.008207,0.025410,0.0,10.0,10.0
388,000985.CSI,2021-06-09,7.402797,0.008182,0.025381,0.0,10.0,10.0
389,000985.CSI,2021-06-10,7.244101,0.007884,0.025196,0.0,0.0,10.0
390,000985.CSI,2021-06-11,6.462464,0.007584,0.025130,0.0,0.0,10.0
391,000985.CSI,2021-06-15,6.469879,0.007620,0.025207,0.0,0.0,10.0
392,000985.CSI,2021-06-16,7.377785,0.007734,0.025317,0.0,0.0,10.0
393,000985.CSI,2021-06-17,7.739528,0.007713,0.025430,0.0,0.0,10.0
394,000985.CSI,2021-06-18,7.965379,0.007706,0.025450,0.0,0.0,10.0
395,000985.CSI,2021-06-21,7.777574,0.007759,0.025569,0.0,0.0,10.0
396,000985.CSI,2021-06-22,7.768282,0.007702,0.025546,0.0,0.0,10.0
397,000985.CSI,2021-06-23,6.849440,0.007540,0.025611,0.0,0.0,20.0
398,000985.CSI,2021-06-24,6.907819,0.007582,0.025696,0.0,0.0,20.0
399,000985.CSI,2021-06-25,7.178392,0.007503,0.025829,0.0,0.0,20.0
400,000985.CSI,2021-06-28,7.324794,0.007359,0.025856,0.0,0.0,20.0
401,000985.CSI,2021-06-29,7.404293,0.007289,0.025893,0.0,0.0,20.0
402,000985.CSI,2021-06-30,7.748554,0.007040,0.025832,0.0,0.0,20.0
403,000985.CSI,2021-07-01,7.480347,0.006956,0.025995,0.0,0.0,20.0
404,000985.CSI,2021-07-02,8.280242,0.007032,0.026052,10.0,0.0,20.0
405,000985.CSI,2021-07-05,8.300548,0.006585,0.026134,10.0,0.0,20.0
406,000985.CSI,2021-07-06,8.274615,0.007049,0.026270,10.0,0.0,30.0
407,000985.CSI,2021-07-07,8.523933,0.007064,0.026278,10.0,0.0,30.0
408,000985.CSI,2021-07-08,8.690184,0.007106,0.026339,10.0,0.0,30.0
409,000985.CSI,2021-07-09,8.232566,0.007502,0.026493,10.0,0.0,40.0
410,000985.CSI,2021-07-12,8.499350,0.007912,0.026676,10.0,10.0,40.0
411,000985.CSI,2021-07-13,8.123171,0.007718,0.026559,10.0,10.0,40.0
412,000985.CSI,2021-07-14,7.549455,0.007619,0.026544,0.0,0.0,40.0
413,000985.CSI,2021-07-15,7.429688,0.007910,0.026798,0.0,10.0,50.0
414,000985.CSI,2021-07-16,7.570859,0.007913,0.026779,0.0,10.0,50.0
415,000985.CSI,2021-07-19,7.393504,0.007871,0.026916,0.0,10.0,50.0
416,000985.CSI,2021-07-20,7.137103,0.007967,0.026948,0.0,20.0,50.0
417,000985.CSI,2021-07-21,7.359209,0.007991,0.026972,0.0,20.0,50.0
418,000985.CSI,2021-07-22,7.381662,0.007967,0.027005,0.0,20.0,50.0
419,000985.CSI,2021-07-23,7.208119,0.007989,0.027193,0.0,20.0,50.0
420,000985.CSI,2021-07-26,7.858690,0.009511,0.027775,10.0,40.0,50.0
421,000985.CSI,2021-07-27,8.456507,0.010304,0.028427,20.0,60.0,50.0
422,000985.CSI,2021-07-28,8.239148,0.011341,0.029589,10.0,60.0,60.0
423,000985.CSI,2021-07-29,9.027635,0.012118,0.029668,30.0,70.0,60.0
424,000985.CSI,2021-07-30,8.034928,0.012162,0.029937,10.0,80.0,70.0
425,000985.CSI,2021-08-02,8.482805,0.012447,0.030512,20.0,80.0,70.0
426,000985.CSI,2021-08-03,8.579469,0.012278,0.030782,20.0,80.0,80.0
427,000985.CSI,2021-08-04,8.520333,0.012112,0.030886,20.0,70.0,80.0
428,000985.CSI,2021-08-05,8.496798,0.012177,0.031012,20.0,80.0,80.0
429,000985.CSI,2021-08-06,8.552356,0.011970,0.031048,20.0,70.0,80.0
430,000985.CSI,2021-08-09,8.288187,0.011837,0.031191,20.0,70.0,80.0
431,000985.CSI,2021-08-10,8.494166,0.011898,0.031215,20.0,70.0,80.0
432,000985.CSI,2021-08-11,8.056079,0.011874,0.031167,10.0,70.0,80.0
433,000985.CSI,2021-08-12,7.815401,0.011732,0.030999,10.0,70.0,80.0
434,000985.CSI,2021-08-13,7.568662,0.011855,0.031004,0.0,70.0,80.0
435,000985.CSI,2021-08-16,7.735026,0.011815,0.031035,10.0,70.0,80.0
436,000985.CSI,2021-08-17,8.635702,0.012184,0.031321,30.0,80.0,90.0
437,000985.CSI,2021-08-18,8.572057,0.012190,0.031504,20.0,80.0,90.0
438,000985.CSI,2021-08-19,8.481892,0.012311,0.031619,20.0,80.0,90.0
439,000985.CSI,2021-08-20,8.587641,0.012650,0.031688,30.0,80.0,90.0
440,000985.CSI,2021-08-23,8.462467,0.011682,0.031360,20.0,70.0,90.0
441,000985.CSI,2021-08-24,7.736377,0.010970,0.030937,10.0,60.0,80.0
442,000985.CSI,2021-08-25,7.683097,0.009906,0.029918,10.0,50.0,70.0
443,000985.CSI,2021-08-26,7.171808,0.008938,0.029859,0.0,40.0,70.0
444,000985.CSI,2021-08-27,7.260139,0.008770,0.029789,0.0,40.0,70.0
445,000985.CSI,2021-08-30,6.529374,0.008552,0.029636,0.0,30.0,60.0
446,000985.CSI,2021-08-31,6.365688,0.008709,0.029581,0.0,40.0,60.0
447,000985.CSI,2021-09-01,5.785276,0.009268,0.030141,0.0,40.0,70.0
448,000985.CSI,2021-09-02,5.793242,0.009117,0.030148,0.0,40.0,70.0
449,000985.CSI,2021-09-03,5.893647,0.009163,0.030591,0.0,40.0,70.0
450,000985.CSI,2021-09-06,6.151450,0.009083,0.030698,0.0,40.0,80.0
451,000985.CSI,2021-09-07,6.326607,0.009178,0.030645,0.0,40.0,70.0
452,000985.CSI,2021-09-08,6.294335,0.009209,0.030703,0.0,40.0,80.0
453,000985.CSI,2021-09-09,6.233907,0.009187,0.030770,0.0,40.0,80.0
454,000985.CSI,2021-09-10,6.243333,0.009038,0.030895,0.0,40.0,80.0
455,000985.CSI,2021-09-13,6.062567,0.009018,0.030906,0.0,40.0,80.0
456,000985.CSI,2021-09-14,5.453615,0.008674,0.030883,0.0,40.0,80.0
457,000985.CSI,2021-09-15,5.056988,0.008652,0.030837,0.0,30.0,80.0
458,000985.CSI,2021-09-16,5.623227,0.008734,0.031068,0.0,40.0,80.0
459,000985.CSI,2021-09-17,5.231540,0.008354,0.031297,0.0,30.0,80.0
460,000985.CSI,2021-09-22,4.478013,0.008878,0.031454,0.0,40.0,90.0
461,000985.CSI,2021-09-23,4.305588,0.008974,0.031525,0.0,40.0,90.0
462,000985.CSI,2021-09-24,4.415261,0.009043,0.031613,0.0,40.0,90.0
463,000985.CSI,2021-09-27,4.278592,0.009577,0.032294,0.0,60.0,90.0
464,000985.CSI,2021-09-28,4.190962,0.009567,0.032215,0.0,60.0,90.0
465,000985.CSI,2021-09-29,5.152504,0.009716,0.032050,0.0,60.0,90.0
466,000985.CSI,2021-09-30,5.980604,0.009537,0.031813,0.0,50.0,90.0
467,000985.CSI,2021-10-08,6.371499,0.009438,0.031549,0.0,50.0,80.0
468,000985.CSI,2021-10-11,6.237800,0.009471,0.031539,0.0,50.0,80.0
469,000985.CSI,2021-10-12,6.901555,0.009818,0.031281,10.0,60.0,80.0
470,000985.CSI,2021-10-13,6.880328,0.009879,0.031139,10.0,60.0,80.0
471,000985.CSI,2021-10-14,6.359898,0.009714,0.031166,0.0,60.0,80.0
472,000985.CSI,2021-10-15,6.511275,0.009759,0.031223,10.0,60.0,80.0
473,000985.CSI,2021-10-18,6.484139,0.009865,0.031154,10.0,60.0,80.0
474,000985.CSI,2021-10-19,6.810973,0.009795,0.030923,10.0,60.0,70.0
475,000985.CSI,2021-10-20,6.862967,0.009782,0.030752,10.0,60.0,70.0
476,000985.CSI,2021-10-21,6.534679,0.009596,0.030440,10.0,50.0,60.0
477,000985.CSI,2021-10-22,6.533405,0.009580,0.030328,10.0,50.0,60.0
478,000985.CSI,2021-10-25,6.313459,0.009382,0.030094,0.0,50.0,60.0
479,000985.CSI,2021-10-26,6.327541,0.009223,0.029645,0.0,50.0,50.0
480,000985.CSI,2021-10-27,6.851421,0.008574,0.029446,10.0,30.0,50.0
481,000985.CSI,2021-10-28,7.266953,0.008595,0.029578,20.0,30.0,50.0
482,000985.CSI,2021-10-29,7.542605,0.008645,0.029742,20.0,40.0,60.0
483,000985.CSI,2021-11-01,7.201773,0.008188,0.029137,10.0,20.0,50.0
484,000985.CSI,2021-11-02,7.561759,0.008708,0.029295,20.0,40.0,50.0
485,000985.CSI,2021-11-03,6.626115,0.008453,0.029040,10.0,30.0,50.0
486,000985.CSI,2021-11-04,6.325938,0.008393,0.028949,0.0,30.0,50.0
487,000985.CSI,2021-11-05,6.312312,0.007937,0.028661,0.0,20.0,50.0
488,000985.CSI,2021-11-08,6.410942,0.007910,0.028614,10.0,10.0,50.0
489,000985.CSI,2021-11-09,5.857751,0.007335,0.028267,0.0,0.0,40.0
490,000985.CSI,2021-11-10,5.430163,0.007648,0.028132,0.0,10.0,40.0
491,000985.CSI,2021-11-11,6.010025,0.007723,0.028059,0.0,10.0,40.0
492,000985.CSI,2021-11-12,5.987562,0.007606,0.027881,0.0,0.0,40.0
493,000985.CSI,2021-11-15,6.073074,0.007482,0.027993,0.0,0.0,40.0
494,000985.CSI,2021-11-16,5.802431,0.007571,0.028148,0.0,0.0,40.0
495,000985.CSI,2021-11-17,6.149294,0.007534,0.028056,0.0,0.0,40.0
496,000985.CSI,2021-11-18,6.436157,0.007453,0.028183,10.0,0.0,40.0
497,000985.CSI,2021-11-19,6.932505,0.007428,0.028182,20.0,0.0,40.0
498,000985.CSI,2021-11-22,6.977330,0.007384,0.028004,20.0,0.0,40.0
499,000985.CSI,2021-11-23,6.826498,0.007281,0.027954,10.0,0.0,40.0
500,000985.CSI,2021-11-24,6.289341,0.007177,0.027699,10.0,0.0,40.0
501,000985.CSI,2021-11-25,5.791867,0.006920,0.027307,0.0,0.0,40.0
502,000985.CSI,2021-11-26,5.366463,0.006754,0.027052,0.0,0.0,40.0
503,000985.CSI,2021-11-29,5.357146,0.006955,0.027093,0.0,0.0,40.0
504,000985.CSI,2021-11-30,4.949940,0.006362,0.026793,0.0,0.0,30.0
505,000985.CSI,2021-12-01,5.014855,0.006206,0.026780,0.0,0.0,30.0
506,000985.CSI,2021-12-02,4.624468,0.006164,0.026909,0.0,0.0,30.0
507,000985.CSI,2021-12-03,4.635059,0.006015,0.026905,0.0,0.0,30.0
508,000985.CSI,2021-12-06,4.796980,0.006129,0.026906,0.0,0.0,30.0
509,000985.CSI,2021-12-07,4.645418,0.006647,0.027190,0.0,0.0,40.0
510,000985.CSI,2021-12-08,5.251867,0.006111,0.027101,0.0,0.0,40.0
511,000985.CSI,2021-12-09,5.047744,0.006136,0.027100,0.0,0.0,40.0
512,000985.CSI,2021-12-10,4.966664,0.006268,0.027127,0.0,0.0,40.0
513,000985.CSI,2021-12-13,5.077868,0.006329,0.027043,0.0,0.0,30.0
514,000985.CSI,2021-12-14,5.031823,0.006213,0.026953,0.0,0.0,30.0
515,000985.CSI,2021-12-15,4.857096,0.006316,0.027033,0.0,0.0,30.0
516,000985.CSI,2021-12-16,4.845280,0.006302,0.026922,0.0,0.0,30.0
517,000985.CSI,2021-12-17,4.883298,0.006309,0.026929,0.0,0.0,30.0
518,000985.CSI,2021-12-20,5.119512,0.006765,0.027202,0.0,0.0,40.0
519,000985.CSI,2021-12-21,5.637563,0.006783,0.027352,10.0,0.0,40.0
520,000985.CSI,2021-12-22,5.786172,0.006774,0.027531,10.0,0.0,40.0
521,000985.CSI,2021-12-23,5.836786,0.006807,0.027558,10.0,0.0,40.0
522,000985.CSI,2021-12-24,6.141516,0.006886,0.027731,10.0,0.0,40.0
523,000985.CSI,2021-12-27,6.057592,0.006508,0.027518,10.0,0.0,40.0
524,000985.CSI,2021-12-28,6.400276,0.006381,0.027440,20.0,0.0,40.0
525,000985.CSI,2021-12-29,6.757935,0.006391,0.027461,20.0,0.0,40.0
526,000985.CSI,2021-12-30,7.038511,0.006481,0.027423,30.0,0.0,30.0
527,000985.CSI,2021-12-31,6.926551,0.006478,0.027369,30.0,0.0,30.0
528,000985.CSI,2022-01-04,6.635111,0.006651,0.027454,20.0,0.0,40.0
529,000985.CSI,2022-01-05,7.107354,0.006459,0.027493,30.0,0.0,40.0
530,000985.CSI,2022-01-06,6.435224,0.006590,0.027710,20.0,0.0,40.0
531,000985.CSI,2022-01-07,6.365588,0.006554,0.028004,20.0,0.0,40.0
532,000985.CSI,2022-01-10,6.558496,0.006698,0.028337,20.0,10.0,40.0
533,000985.CSI,2022-01-11,6.767502,0.006666,0.028390,30.0,10.0,50.0
534,000985.CSI,2022-01-12,7.205470,0.006775,0.028420,30.0,10.0,50.0
535,000985.CSI,2022-01-13,7.702165,0.006765,0.028473,40.0,10.0,50.0
536,000985.CSI,2022-01-14,7.578024,0.006917,0.028674,40.0,10.0,50.0
537,000985.CSI,2022-01-17,7.531314,0.006973,0.028826,40.0,10.0,50.0
538,000985.CSI,2022-01-18,6.902595,0.006631,0.028862,30.0,0.0,50.0
539,000985.CSI,2022-01-19,6.710203,0.006831,0.028866,30.0,10.0,50.0
540,000985.CSI,2022-01-20,6.773366,0.006979,0.028984,30.0,10.0,50.0
541,000985.CSI,2022-01-21,7.170839,0.007070,0.029150,30.0,10.0,50.0
542,000985.CSI,2022-01-24,6.782367,0.007209,0.029181,30.0,20.0,60.0
543,000985.CSI,2022-01-25,8.480744,0.007764,0.029449,60.0,30.0,60.0
544,000985.CSI,2022-01-26,8.546403,0.008141,0.029625,60.0,30.0,60.0
545,000985.CSI,2022-01-27,9.635235,0.008348,0.029839,70.0,40.0,60.0
546,000985.CSI,2022-01-28,9.519984,0.008794,0.030296,70.0,50.0,70.0
547,000985.CSI,2022-02-07,10.159083,0.009461,0.030830,70.0,60.0,70.0
548,000985.CSI,2022-02-08,10.148544,0.010020,0.030822,70.0,70.0,70.0
549,000985.CSI,2022-02-09,10.258415,0.010003,0.030607,70.0,70.0,70.0
550,000985.CSI,2022-02-10,10.322086,0.009901,0.030360,80.0,70.0,70.0
551,000985.CSI,2022-02-11,10.692647,0.010056,0.030174,80.0,70.0,70.0
552,000985.CSI,2022-02-14,10.884052,0.010119,0.030128,80.0,70.0,60.0
553,000985.CSI,2022-02-15,11.119451,0.010109,0.030050,80.0,70.0,60.0
554,000985.CSI,2022-02-16,10.893815,0.010083,0.029973,80.0,70.0,60.0
555,000985.CSI,2022-02-17,10.274532,0.010134,0.029923,80.0,70.0,60.0
556,000985.CSI,2022-02-18,10.465778,0.010149,0.029722,80.0,70.0,60.0
557,000985.CSI,2022-02-21,10.095511,0.010119,0.029468,70.0,70.0,60.0
558,000985.CSI,2022-02-22,10.641840,0.010228,0.029276,80.0,70.0,60.0
559,000985.CSI,2022-02-23,11.068762,0.010147,0.029175,80.0,70.0,60.0
560,000985.CSI,2022-02-24,11.658136,0.011024,0.029763,80.0,80.0,60.0
561,000985.CSI,2022-02-25,11.588567,0.011264,0.029701,80.0,80.0,60.0
562,000985.CSI,2022-02-28,11.669187,0.011335,0.029679,80.0,80.0,60.0
563,000985.CSI,2022-03-01,10.299855,0.010899,0.029117,80.0,80.0,50.0
564,000985.CSI,2022-03-02,10.110207,0.010701,0.028867,70.0,80.0,50.0
565,000985.CSI,2022-03-03,8.841679,0.010590,0.028481,70.0,80.0,50.0
566,000985.CSI,2022-03-04,9.163366,0.010417,0.028086,70.0,80.0,40.0
567,000985.CSI,2022-03-07,9.578051,0.010147,0.027637,70.0,70.0,40.0
568,000985.CSI,2022-03-08,10.756178,0.010118,0.028002,80.0,70.0,40.0
569,000985.CSI,2022-03-09,10.534881,0.013973,0.030353,80.0,90.0,70.0
570,000985.CSI,2022-03-10,11.257452,0.014850,0.030860,80.0,90.0,80.0
571,000985.CSI,2022-03-11,10.826380,0.015663,0.031470,80.0,90.0,90.0
572,000985.CSI,2022-03-14,11.958808,0.015957,0.031588,90.0,90.0,90.0
573,000985.CSI,2022-03-15,13.530732,0.016708,0.032192,90.0,90.0,90.0
574,000985.CSI,2022-03-16,14.865960,0.019339,0.033787,90.0,90.0,90.0
575,000985.CSI,2022-03-17,15.535529,0.019937,0.034226,90.0,90.0,90.0
576,000985.CSI,2022-03-18,15.610713,0.019994,0.034346,90.0,90.0,90.0
577,000985.CSI,2022-03-21,15.640480,0.020103,0.034482,90.0,90.0,90.0
578,000985.CSI,2022-03-22,15.119491,0.020074,0.034547,90.0,90.0,90.0
579,000985.CSI,2022-03-23,14.632952,0.020075,0.034602,90.0,90.0,90.0
580,000985.CSI,2022-03-24,14.286461,0.019675,0.033923,90.0,90.0,90.0
581,000985.CSI,2022-03-25,14.587497,0.019566,0.033918,90.0,90.0,90.0
582,000985.CSI,2022-03-28,14.701583,0.019759,0.034025,90.0,90.0,90.0
583,000985.CSI,2022-03-29,14.674880,0.019791,0.034169,90.0,90.0,90.0
584,000985.CSI,2022-03-30,15.747843,0.019876,0.034285,90.0,90.0,90.0
585,000985.CSI,2022-03-31,15.851086,0.019872,0.034507,90.0,90.0,90.0
586,000985.CSI,2022-04-01,15.602250,0.019894,0.034555,90.0,90.0,90.0
587,000985.CSI,2022-04-06,14.294196,0.019743,0.034565,90.0,90.0,90.0
588,000985.CSI,2022-04-07,14.060124,0.019588,0.034251,90.0,90.0,90.0
589,000985.CSI,2022-04-08,13.574524,0.017189,0.032427,90.0,90.0,90.0
590,000985.CSI,2022-04-11,14.421804,0.016652,0.032404,90.0,90.0,90.0
591,000985.CSI,2022-04-12,15.155887,0.016121,0.032214,90.0,90.0,90.0
592,000985.CSI,2022-04-13,14.424582,0.015818,0.032108,90.0,90.0,90.0
593,000985.CSI,2022-04-14,12.914823,0.015057,0.031520,90.0,90.0,80.0
594,000985.CSI,2022-04-15,11.619918,0.011704,0.030160,80.0,80.0,60.0
595,000985.CSI,2022-04-18,10.846870,0.010822,0.030160,80.0,70.0,60.0
596,000985.CSI,2022-04-19,10.525628,0.010772,0.030175,80.0,70.0,60.0
597,000985.CSI,2022-04-20,11.360144,0.010700,0.030295,80.0,70.0,60.0
598,000985.CSI,2022-04-21,13.025004,0.011325,0.030677,90.0,80.0,70.0
599,000985.CSI,2022-04-22,12.940335,0.011603,0.031000,90.0,80.0,70.0
600,000985.CSI,2022-04-25,16.108099,0.012602,0.032144,90.0,80.0,90.0
601,000985.CSI,2022-04-26,16.477604,0.013238,0.033190,90.0,80.0,90.0
602,000985.CSI,2022-04-27,18.222844,0.013658,0.034799,90.0,80.0,90.0
603,000985.CSI,2022-04-28,17.952274,0.013857,0.035369,90.0,80.0,90.0
604,000985.CSI,2022-04-29,18.413799,0.014202,0.036074,90.0,90.0,90.0
605,000985.CSI,2022-05-05,18.386564,0.014394,0.036466,90.0,90.0,90.0
606,000985.CSI,2022-05-06,19.444654,0.014951,0.037047,90.0,90.0,90.0
607,000985.CSI,2022-05-09,19.529181,0.014987,0.037164,90.0,90.0,90.0
608,000985.CSI,2022-05-10,19.403247,0.015299,0.037450,90.0,90.0,90.0
609,000985.CSI,2022-05-11,19.941420,0.015767,0.037751,90.0,90.0,90.0
610,000985.CSI,2022-05-12,18.213540,0.015529,0.037527,90.0,90.0,90.0
611,000985.CSI,2022-05-13,17.730468,0.015471,0.037250,90.0,90.0,90.0
612,000985.CSI,2022-05-16,17.143996,0.015666,0.037274,90.0,90.0,90.0
613,000985.CSI,2022-05-17,16.946154,0.015534,0.037257,90.0,90.0,90.0
614,000985.CSI,2022-05-18,16.595929,0.015584,0.037102,90.0,90.0,90.0
615,000985.CSI,2022-05-19,16.909825,0.015639,0.036845,90.0,90.0,90.0
616,000985.CSI,2022-05-20,17.728275,0.015647,0.036787,90.0,90.0,90.0
617,000985.CSI,2022-05-23,16.820643,0.015586,0.036628,90.0,80.0,90.0
618,000985.CSI,2022-05-24,16.772110,0.015321,0.036665,90.0,80.0,90.0
619,000985.CSI,2022-05-25,17.400310,0.015068,0.036361,90.0,80.0,90.0
620,000985.CSI,2022-05-26,14.078493,0.014349,0.035447,80.0,80.0,90.0
621,000985.CSI,2022-05-27,12.947419,0.013882,0.034369,80.0,80.0,80.0
622,000985.CSI,2022-05-30,11.450042,0.013452,0.032735,70.0,80.0,80.0
623,000985.CSI,2022-05-31,12.208095,0.013252,0.032115,80.0,80.0,80.0
624,000985.CSI,2022-06-01,10.454558,0.012827,0.031472,70.0,80.0,70.0
625,000985.CSI,2022-06-02,10.403025,0.012651,0.031022,70.0,70.0,60.0
626,000985.CSI,2022-06-06,9.894509,0.011713,0.030228,60.0,70.0,50.0
627,000985.CSI,2022-06-07,9.813095,0.011684,0.030062,60.0,70.0,50.0
628,000985.CSI,2022-06-08,9.224048,0.011191,0.029840,60.0,60.0,40.0
629,000985.CSI,2022-06-09,9.399180,0.010405,0.029326,60.0,60.0,40.0
630,000985.CSI,2022-06-10,10.258078,0.010469,0.029087,70.0,60.0,30.0
631,000985.CSI,2022-06-13,9.942442,0.010580,0.029147,60.0,60.0,40.0
632,000985.CSI,2022-06-14,9.938337,0.011378,0.029453,60.0,60.0,40.0
633,000985.CSI,2022-06-15,9.610868,0.011858,0.029499,60.0,70.0,40.0
634,000985.CSI,2022-06-16,9.585064,0.011881,0.029429,60.0,70.0,40.0
635,000985.CSI,2022-06-17,9.805354,0.011585,0.029276,60.0,60.0,40.0
636,000985.CSI,2022-06-20,9.155841,0.011709,0.029355,60.0,70.0,40.0
637,000985.CSI,2022-06-21,9.225100,0.011889,0.029522,60.0,70.0,40.0
638,000985.CSI,2022-06-22,8.191724,0.011592,0.028980,50.0,60.0,30.0
639,000985.CSI,2022-06-23,8.298499,0.011821,0.029029,50.0,70.0,30.0
640,000985.CSI,2022-06-24,8.518842,0.011386,0.028786,50.0,60.0,30.0
641,000985.CSI,2022-06-27,8.902035,0.011173,0.028785,60.0,60.0,30.0
642,000985.CSI,2022-06-28,8.868508,0.011174,0.028805,60.0,60.0,30.0
643,000985.CSI,2022-06-29,8.845699,0.011311,0.028875,60.0,60.0,30.0
644,000985.CSI,2022-06-30,9.402553,0.011436,0.028909,60.0,60.0,30.0
645,000985.CSI,2022-07-01,9.211885,0.011457,0.028888,60.0,60.0,30.0
646,000985.CSI,2022-07-04,8.656184,0.011424,0.028923,50.0,60.0,30.0
647,000985.CSI,2022-07-05,8.759472,0.011745,0.029038,50.0,70.0,30.0
648,000985.CSI,2022-07-06,9.095268,0.011729,0.028869,60.0,60.0,30.0
649,000985.CSI,2022-07-07,8.695282,0.011694,0.028817,50.0,60.0,20.0
650,000985.CSI,2022-07-08,8.023506,0.011602,0.028870,40.0,60.0,30.0
651,000985.CSI,2022-07-11,8.575976,0.011601,0.028824,50.0,60.0,20.0
652,000985.CSI,2022-07-12,8.983279,0.010621,0.028343,60.0,50.0,20.0
653,000985.CSI,2022-07-13,9.055771,0.010058,0.028135,60.0,40.0,20.0
654,000985.CSI,2022-07-14,9.221256,0.010073,0.028189,60.0,40.0,20.0
655,000985.CSI,2022-07-15,9.443689,0.010198,0.028338,60.0,50.0,20.0
656,000985.CSI,2022-07-18,9.913838,0.010231,0.028439,60.0,50.0,20.0
657,000985.CSI,2022-07-19,9.737424,0.010016,0.028330,60.0,40.0,20.0
658,000985.CSI,2022-07-20,9.469701,0.009993,0.028224,60.0,40.0,20.0
659,000985.CSI,2022-07-21,8.996247,0.009729,0.028127,50.0,40.0,10.0
660,000985.CSI,2022-07-22,8.592165,0.009964,0.028126,50.0,40.0,10.0
661,000985.CSI,2022-07-25,8.673142,0.009902,0.028100,50.0,40.0,10.0
662,000985.CSI,2022-07-26,8.774950,0.009803,0.028051,50.0,40.0,10.0
663,000985.CSI,2022-07-27,8.093793,0.009527,0.027709,40.0,30.0,10.0
664,000985.CSI,2022-07-28,7.654080,0.009390,0.027495,40.0,30.0,10.0
665,000985.CSI,2022-07-29,8.011634,0.009471,0.027366,40.0,30.0,0.0
666,000985.CSI,2022-08-01,7.942865,0.009452,0.027326,40.0,30.0,0.0
667,000985.CSI,2022-08-02,8.981185,0.009883,0.027933,50.0,40.0,10.0
668,000985.CSI,2022-08-03,8.748048,0.010115,0.028595,50.0,50.0,20.0
669,000985.CSI,2022-08-04,8.923355,0.010201,0.028627,50.0,50.0,20.0
670,000985.CSI,2022-08-05,9.501806,0.010236,0.028636,60.0,50.0,20.0
671,000985.CSI,2022-08-08,9.042492,0.009988,0.028658,50.0,40.0,20.0
672,000985.CSI,2022-08-09,8.556088,0.009847,0.028546,40.0,40.0,20.0
673,000985.CSI,2022-08-10,8.541704,0.009796,0.028500,40.0,40.0,20.0
674,000985.CSI,2022-08-11,9.173865,0.009763,0.028357,50.0,40.0,20.0
675,000985.CSI,2022-08-12,8.578482,0.009330,0.028061,40.0,30.0,10.0
676,000985.CSI,2022-08-15,7.940237,0.009137,0.027860,40.0,30.0,10.0
677,000985.CSI,2022-08-16,8.026443,0.009071,0.027744,40.0,30.0,10.0
678,000985.CSI,2022-08-17,7.901933,0.009156,0.027754,40.0,30.0,10.0
679,000985.CSI,2022-08-18,7.631537,0.009110,0.027697,40.0,30.0,10.0
680,000985.CSI,2022-08-19,8.008073,0.008848,0.027783,40.0,30.0,10.0
681,000985.CSI,2022-08-22,7.909749,0.008836,0.027840,40.0,30.0,10.0
682,000985.CSI,2022-08-23,7.348360,0.008687,0.027716,30.0,20.0,10.0
683,000985.CSI,2022-08-24,8.476979,0.009048,0.028042,40.0,30.0,20.0
684,000985.CSI,2022-08-25,8.506947,0.009340,0.028394,40.0,40.0,30.0
685,000985.CSI,2022-08-26,8.215987,0.009373,0.028597,40.0,40.0,30.0
686,000985.CSI,2022-08-29,7.933049,0.009621,0.028971,40.0,40.0,40.0
687,000985.CSI,2022-08-30,7.047018,0.008764,0.028230,30.0,30.0,20.0
688,000985.CSI,2022-08-31,7.400319,0.008367,0.027643,30.0,20.0,10.0
689,000985.CSI,2022-09-01,7.344014,0.008181,0.027661,30.0,20.0,10.0
690,000985.CSI,2022-09-02,6.729925,0.008091,0.027584,20.0,20.0,10.0
691,000985.CSI,2022-09-05,6.494748,0.008119,0.027414,20.0,20.0,0.0
692,000985.CSI,2022-09-06,7.159740,0.008253,0.027371,30.0,20.0,0.0
693,000985.CSI,2022-09-07,7.051442,0.008238,0.027295,30.0,20.0,0.0
694,000985.CSI,2022-09-08,6.644360,0.008034,0.027244,20.0,20.0,0.0
695,000985.CSI,2022-09-09,7.002334,0.008113,0.027148,30.0,20.0,0.0
696,000985.CSI,2022-09-13,6.998850,0.008128,0.027096,30.0,20.0,0.0
697,000985.CSI,2022-09-14,7.652247,0.008678,0.027253,40.0,30.0,0.0
698,000985.CSI,2022-09-15,8.429203,0.009445,0.027676,40.0,40.0,10.0
699,000985.CSI,2022-09-16,9.804506,0.009586,0.027779,60.0,40.0,20.0
700,000985.CSI,2022-09-19,9.762592,0.009707,0.027808,60.0,40.0,20.0
701,000985.CSI,2022-09-20,9.926698,0.009793,0.027632,60.0,40.0,10.0
702,000985.CSI,2022-09-21,10.116655,0.010031,0.027831,60.0,50.0,20.0
703,000985.CSI,2022-09-22,9.341510,0.010013,0.027579,50.0,50.0,10.0
704,000985.CSI,2022-09-23,10.043127,0.009949,0.027394,60.0,50.0,10.0
705,000985.CSI,2022-09-26,10.607879,0.010329,0.027353,70.0,60.0,10.0
706,000985.CSI,2022-09-27,11.996957,0.010167,0.026917,80.0,50.0,0.0
707,000985.CSI,2022-09-28,13.580050,0.010172,0.026896,80.0,50.0,0.0
708,000985.CSI,2022-09-29,12.899208,0.010409,0.026913,80.0,60.0,0.0
709,000985.CSI,2022-09-30,13.382202,0.010346,0.026775,80.0,60.0,0.0
710,000985.CSI,2022-10-10,14.960452,0.010526,0.027035,80.0,60.0,0.0
711,000985.CSI,2022-10-11,15.351206,0.010663,0.027200,80.0,60.0,0.0
712,000985.CSI,2022-10-12,16.122509,0.011828,0.027776,90.0,70.0,20.0
713,000985.CSI,2022-10-13,16.024484,0.012024,0.028034,90.0,70.0,30.0
714,000985.CSI,2022-10-14,17.071650,0.012405,0.028196,90.0,70.0,30.0
715,000985.CSI,2022-10-17,16.945629,0.012439,0.028409,90.0,70.0,40.0
716,000985.CSI,2022-10-18,16.886111,0.012504,0.028491,90.0,70.0,40.0
717,000985.CSI,2022-10-19,16.982160,0.012121,0.028359,90.0,70.0,40.0
718,000985.CSI,2022-10-20,16.275147,0.011992,0.028109,90.0,70.0,30.0
719,000985.CSI,2022-10-21,14.801253,0.011925,0.028024,80.0,70.0,30.0
720,000985.CSI,2022-10-24,15.542319,0.012687,0.028243,80.0,70.0,40.0
721,000985.CSI,2022-10-25,15.113641,0.012978,0.028673,80.0,80.0,50.0
722,000985.CSI,2022-10-26,15.675518,0.013165,0.028759,80.0,80.0,50.0
723,000985.CSI,2022-10-27,15.551682,0.013030,0.028943,80.0,70.0,50.0
724,000985.CSI,2022-10-28,16.420365,0.013167,0.029356,90.0,80.0,60.0
725,000985.CSI,2022-10-31,15.693002,0.013148,0.029704,80.0,70.0,60.0
726,000985.CSI,2022-11-01,15.896066,0.013253,0.029821,80.0,80.0,70.0
727,000985.CSI,2022-11-02,14.651800,0.013439,0.029988,80.0,80.0,70.0
728,000985.CSI,2022-11-03,14.699190,0.013200,0.029809,80.0,70.0,60.0
729,000985.CSI,2022-11-04,15.092574,0.013369,0.029791,80.0,80.0,60.0
730,000985.CSI,2022-11-07,13.494153,0.013151,0.029449,70.0,70.0,60.0
731,000985.CSI,2022-11-08,13.321456,0.013104,0.029233,70.0,70.0,60.0
732,000985.CSI,2022-11-09,12.087144,0.012116,0.028678,70.0,70.0,40.0
733,000985.CSI,2022-11-10,12.476856,0.011982,0.028524,70.0,70.0,40.0
734,000985.CSI,2022-11-11,11.707858,0.013120,0.029043,60.0,70.0,50.0
735,000985.CSI,2022-11-14,11.374330,0.013235,0.029134,60.0,70.0,50.0
736,000985.CSI,2022-11-15,12.298412,0.013289,0.029155,70.0,80.0,60.0
737,000985.CSI,2022-11-16,11.808282,0.013294,0.029111,60.0,80.0,50.0
738,000985.CSI,2022-11-17,11.487973,0.012944,0.028945,60.0,70.0,50.0
739,000985.CSI,2022-11-18,11.708995,0.012969,0.028958,60.0,70.0,50.0
740,000985.CSI,2022-11-21,10.658046,0.012224,0.028612,60.0,70.0,40.0
741,000985.CSI,2022-11-22,10.921934,0.011978,0.028334,60.0,60.0,30.0
742,000985.CSI,2022-11-23,10.198779,0.011790,0.028293,50.0,60.0,30.0
743,000985.CSI,2022-11-24,9.937992,0.011756,0.028031,50.0,60.0,20.0
744,000985.CSI,2022-11-25,8.356181,0.011249,0.027311,20.0,50.0,10.0
745,000985.CSI,2022-11-28,8.829200,0.011470,0.026983,30.0,50.0,0.0
746,000985.CSI,2022-11-29,8.499914,0.011419,0.026846,20.0,50.0,0.0
747,000985.CSI,2022-11-30,7.894697,0.011142,0.026567,20.0,50.0,0.0
748,000985.CSI,2022-12-01,8.240107,0.011374,0.026589,20.0,50.0,0.0
749,000985.CSI,2022-12-02,7.023808,0.011077,0.026519,10.0,50.0,0.0
750,000985.CSI,2022-12-05,7.532972,0.011089,0.026463,10.0,50.0,0.0
751,000985.CSI,2022-12-06,7.327335,0.011076,0.026476,10.0,50.0,0.0
752,000985.CSI,2022-12-07,7.024762,0.011137,0.026498,10.0,50.0,0.0
753,000985.CSI,2022-12-08,6.694435,0.010978,0.026382,0.0,40.0,0.0
754,000985.CSI,2022-12-09,6.264185,0.009399,0.025712,0.0,20.0,0.0
755,000985.CSI,2022-12-12,6.623829,0.009147,0.025563,0.0,20.0,0.0
756,000985.CSI,2022-12-13,5.883063,0.008910,0.025463,0.0,10.0,0.0
757,000985.CSI,2022-12-14,5.544773,0.008817,0.025477,0.0,10.0,0.0
758,000985.CSI,2022-12-15,5.594047,0.008628,0.025419,0.0,10.0,0.0
759,000985.CSI,2022-12-16,5.598094,0.008591,0.025268,0.0,10.0,0.0
760,000985.CSI,2022-12-19,6.726246,0.008772,0.025345,0.0,10.0,0.0
761,000985.CSI,2022-12-20,7.285033,0.008651,0.025227,10.0,10.0,0.0
762,000985.CSI,2022-12-21,7.517790,0.008471,0.024886,10.0,10.0,0.0
763,000985.CSI,2022-12-22,7.968347,0.008706,0.025059,20.0,10.0,0.0
764,000985.CSI,2022-12-23,8.057187,0.008863,0.025203,20.0,10.0,0.0
765,000985.CSI,2022-12-26,8.433880,0.007892,0.024881,20.0,0.0,0.0
766,000985.CSI,2022-12-27,7.838490,0.007696,0.024811,10.0,0.0,0.0
767,000985.CSI,2022-12-28,8.327369,0.007678,0.024665,20.0,0.0,0.0
768,000985.CSI,2022-12-29,8.123893,0.007126,0.024449,20.0,0.0,0.0
769,000985.CSI,2022-12-30,8.374007,0.007115,0.024365,20.0,0.0,0.0
770,000985.CSI,2023-01-03,8.555624,0.007201,0.024466,30.0,0.0,0.0
771,000985.CSI,2023-01-04,8.559516,0.007102,0.024419,30.0,0.0,0.0
772,000985.CSI,2023-01-05,9.347418,0.007054,0.024347,40.0,0.0,0.0
773,000985.CSI,2023-01-06,9.316228,0.007118,0.024339,40.0,0.0,0.0
774,000985.CSI,2023-01-09,9.478428,0.007073,0.024304,40.0,0.0,0.0
775,000985.CSI,2023-01-10,9.104976,0.007070,0.024092,30.0,0.0,0.0
776,000985.CSI,2023-01-11,9.180218,0.007187,0.023924,30.0,0.0,0.0
777,000985.CSI,2023-01-12,9.213713,0.007207,0.023760,40.0,0.0,0.0
778,000985.CSI,2023-01-13,9.809919,0.007221,0.023606,40.0,0.0,0.0
779,000985.CSI,2023-01-16,10.242737,0.007494,0.023590,50.0,0.0,0.0
780,000985.CSI,2023-01-17,8.981139,0.006994,0.023133,30.0,0.0,0.0
781,000985.CSI,2023-01-18,8.078277,0.006761,0.022836,10.0,0.0,0.0
782,000985.CSI,2023-01-19,8.278351,0.006705,0.022660,20.0,0.0,0.0
783,000985.CSI,2023-01-20,8.286333,0.006231,0.022231,20.0,0.0,0.0
784,000985.CSI,2023-01-30,8.374987,0.006890,0.022228,20.0,0.0,0.0
785,000985.CSI,2023-01-31,7.715428,0.006944,0.022188,10.0,0.0,0.0
786,000985.CSI,2023-02-01,7.650273,0.007031,0.021958,10.0,0.0,0.0
787,000985.CSI,2023-02-02,7.163083,0.006979,0.021958,0.0,0.0,0.0
788,000985.CSI,2023-02-03,7.224169,0.007303,0.021903,0.0,0.0,0.0
789,000985.CSI,2023-02-06,7.370825,0.007603,0.021953,10.0,0.0,0.0
790,000985.CSI,2023-02-07,6.744671,0.007326,0.021717,0.0,0.0,0.0
791,000985.CSI,2023-02-08,7.021208,0.007296,0.021583,0.0,0.0,0.0
792,000985.CSI,2023-02-09,7.002027,0.007364,0.021590,0.0,0.0,0.0
793,000985.CSI,2023-02-10,7.151569,0.007394,0.021504,0.0,0.0,0.0
794,000985.CSI,2023-02-13,7.221857,0.007394,0.021505,0.0,10.0,0.0
795,000985.CSI,2023-02-14,7.214095,0.007417,0.021524,0.0,10.0,0.0
796,000985.CSI,2023-02-15,7.006978,0.007321,0.021431,0.0,0.0,0.0
797,000985.CSI,2023-02-16,7.532747,0.008151,0.022091,10.0,10.0,0.0
798,000985.CSI,2023-02-17,7.469765,0.008330,0.022250,10.0,10.0,0.0
799,000985.CSI,2023-02-20,7.790763,0.008212,0.022275,10.0,10.0,0.0
800,000985.CSI,2023-02-21,7.982147,0.008237,0.022315,20.0,10.0,0.0
801,000985.CSI,2023-02-22,8.200542,0.008377,0.022373,20.0,10.0,0.0
802,000985.CSI,2023-02-23,7.816411,0.008417,0.022379,10.0,10.0,0.0
803,000985.CSI,2023-02-24,7.775216,0.008533,0.022354,10.0,20.0,0.0
804,000985.CSI,2023-02-27,7.825615,0.007738,0.022072,10.0,10.0,0.0
805,000985.CSI,2023-02-28,8.124481,0.007901,0.021913,20.0,10.0,0.0
806,000985.CSI,2023-03-01,8.092239,0.007851,0.021793,20.0,10.0,0.0
807,000985.CSI,2023-03-02,8.233431,0.007790,0.021653,20.0,10.0,0.0
808,000985.CSI,2023-03-03,8.001863,0.007486,0.021523,20.0,10.0,0.0
809,000985.CSI,2023-03-06,7.572379,0.007378,0.021456,10.0,10.0,0.0
810,000985.CSI,2023-03-07,8.332949,0.007524,0.021489,30.0,10.0,0.0
811,000985.CSI,2023-03-08,8.056497,0.007528,0.021432,20.0,10.0,0.0
812,000985.CSI,2023-03-09,7.358910,0.007490,0.021398,10.0,10.0,0.0
813,000985.CSI,2023-03-10,7.992738,0.007538,0.021450,20.0,10.0,0.0
814,000985.CSI,2023-03-13,7.954197,0.007539,0.021563,20.0,10.0,0.0
815,000985.CSI,2023-03-14,8.373621,0.007953,0.021856,30.0,10.0,0.0
816,000985.CSI,2023-03-15,8.479122,0.008080,0.021989,30.0,10.0,0.0
817,000985.CSI,2023-03-16,8.743218,0.007441,0.021465,40.0,10.0,0.0
818,000985.CSI,2023-03-17,8.454433,0.007625,0.021353,30.0,10.0,0.0
819,000985.CSI,2023-03-20,7.586947,0.007365,0.021484,10.0,10.0,0.0
820,000985.CSI,2023-03-21,8.108280,0.007354,0.021533,20.0,0.0,0.0
821,000985.CSI,2023-03-22,8.093605,0.007259,0.021575,20.0,0.0,0.0
822,000985.CSI,2023-03-23,8.292242,0.007214,0.021565,30.0,0.0,0.0
823,000985.CSI,2023-03-24,7.867172,0.007096,0.021705,20.0,0.0,0.0
824,000985.CSI,2023-03-27,7.512703,0.007105,0.021841,10.0,0.0,0.0
825,000985.CSI,2023-03-28,7.279036,0.006897,0.021929,10.0,0.0,10.0
826,000985.CSI,2023-03-29,6.723973,0.006797,0.022116,0.0,0.0,10.0
827,000985.CSI,2023-03-30,6.763034,0.007035,0.022208,0.0,0.0,10.0
828,000985.CSI,2023-03-31,7.041806,0.006933,0.022293,0.0,0.0,10.0
829,000985.CSI,2023-04-03,7.421135,0.006862,0.022378,10.0,0.0,10.0
830,000985.CSI,2023-04-04,6.484703,0.006707,0.022467,0.0,0.0,10.0
831,000985.CSI,2023-04-06,6.420275,0.006736,0.022686,0.0,0.0,20.0
832,000985.CSI,2023-04-07,6.670896,0.006633,0.022794,0.0,0.0,20.0
833,000985.CSI,2023-04-10,6.145597,0.006536,0.023028,0.0,0.0,20.0
834,000985.CSI,2023-04-11,5.707181,0.006536,0.022957,0.0,0.0,20.0
835,000985.CSI,2023-04-12,5.380210,0.005910,0.022712,0.0,0.0,20.0
836,000985.CSI,2023-04-13,5.462281,0.005868,0.022741,0.0,0.0,20.0
837,000985.CSI,2023-04-14,4.840219,0.005589,0.022761,0.0,0.0,20.0
838,000985.CSI,2023-04-17,4.848856,0.005109,0.022864,0.0,0.0,20.0
839,000985.CSI,2023-04-18,4.665237,0.005019,0.022618,0.0,0.0,20.0
840,000985.CSI,2023-04-19,4.248663,0.005019,0.022622,0.0,0.0,20.0
841,000985.CSI,2023-04-20,4.078988,0.005055,0.022722,0.0,0.0,20.0
842,000985.CSI,2023-04-21,4.781811,0.005320,0.023219,0.0,0.0,20.0
843,000985.CSI,2023-04-24,5.165093,0.005508,0.023645,0.0,0.0,20.0
844,000985.CSI,2023-04-25,5.659810,0.006310,0.024302,0.0,0.0,20.0
845,000985.CSI,2023-04-26,5.488584,0.006539,0.024934,0.0,0.0,30.0
846,000985.CSI,2023-04-27,5.608839,0.006683,0.025332,0.0,0.0,30.0
847,000985.CSI,2023-04-28,6.033087,0.006502,0.025781,0.0,0.0,30.0
848,000985.CSI,2023-05-04,5.769727,0.006506,0.026198,0.0,0.0,30.0
849,000985.CSI,2023-05-05,5.647141,0.006593,0.026344,0.0,0.0,30.0
850,000985.CSI,2023-05-08,6.035207,0.006587,0.026437,0.0,0.0,40.0
851,000985.CSI,2023-05-09,6.503413,0.006721,0.026541,10.0,0.0,40.0
852,000985.CSI,2023-05-10,6.260027,0.006774,0.026646,0.0,10.0,40.0
853,000985.CSI,2023-05-11,5.918254,0.006705,0.026493,0.0,0.0,40.0
854,000985.CSI,2023-05-12,6.662285,0.006818,0.026537,10.0,10.0,40.0
855,000985.CSI,2023-05-15,7.209202,0.007272,0.026735,20.0,20.0,40.0
856,000985.CSI,2023-05-16,7.335176,0.007284,0.026729,20.0,20.0,40.0
857,000985.CSI,2023-05-17,7.140589,0.007242,0.026669,20.0,20.0,40.0
858,000985.CSI,2023-05-18,6.895166,0.007296,0.026593,10.0,20.0,40.0
859,000985.CSI,2023-05-19,6.981179,0.007406,0.026613,10.0,20.0,40.0
860,000985.CSI,2023-05-22,6.905588,0.007454,0.026625,10.0,20.0,40.0
861,000985.CSI,2023-05-23,7.671722,0.007435,0.026527,30.0,20.0,40.0
862,000985.CSI,2023-05-24,7.201613,0.007318,0.026186,20.0,20.0,30.0
863,000985.CSI,2023-05-25,6.892711,0.007461,0.025970,10.0,30.0,30.0
864,000985.CSI,2023-05-26,6.601351,0.006845,0.025398,10.0,10.0,30.0
865,000985.CSI,2023-05-29,6.682219,0.006743,0.024914,10.0,10.0,30.0
866,000985.CSI,2023-05-30,6.701151,0.006922,0.024660,10.0,10.0,30.0
867,000985.CSI,2023-05-31,6.380693,0.006935,0.024203,10.0,10.0,20.0
868,000985.CSI,2023-06-01,6.392001,0.007162,0.023914,10.0,20.0,20.0
869,000985.CSI,2023-06-02,6.680141,0.007122,0.023725,10.0,20.0,20.0
870,000985.CSI,2023-06-05,6.334772,0.007089,0.023544,10.0,10.0,20.0
871,000985.CSI,2023-06-06,6.707742,0.007128,0.023410,10.0,20.0,20.0
872,000985.CSI,2023-06-07,6.628047,0.007100,0.023302,10.0,10.0,20.0
873,000985.CSI,2023-06-08,6.671799,0.007243,0.023317,10.0,20.0,20.0
874,000985.CSI,2023-06-09,6.211085,0.007120,0.023214,0.0,20.0,20.0
875,000985.CSI,2023-06-12,5.727294,0.006812,0.023222,0.0,10.0,20.0
876,000985.CSI,2023-06-13,5.537444,0.006729,0.023179,0.0,10.0,20.0
877,000985.CSI,2023-06-14,5.531598,0.006706,0.023163,0.0,0.0,20.0
878,000985.CSI,2023-06-15,5.951392,0.006664,0.023290,0.0,0.0,20.0
879,000985.CSI,2023-06-16,6.291045,0.006576,0.023315,10.0,0.0,20.0
880,000985.CSI,2023-06-19,6.198521,0.006507,0.023318,10.0,0.0,20.0
881,000985.CSI,2023-06-20,5.416542,0.006458,0.023372,0.0,0.0,30.0
882,000985.CSI,2023-06-21,5.773264,0.006530,0.023484,0.0,0.0,30.0
883,000985.CSI,2023-06-26,6.550310,0.006553,0.023684,10.0,0.0,30.0
884,000985.CSI,2023-06-27,7.050520,0.006408,0.023678,30.0,0.0,30.0
885,000985.CSI,2023-06-28,6.999925,0.006866,0.023933,20.0,10.0,30.0
886,000985.CSI,2023-06-29,6.843320,0.006548,0.023816,20.0,0.0,30.0
887,000985.CSI,2023-06-30,7.016668,0.006624,0.023903,20.0,10.0,30.0
888,000985.CSI,2023-07-03,7.326140,0.006448,0.023896,30.0,0.0,30.0
889,000985.CSI,2023-07-04,6.865801,0.006374,0.023897,20.0,0.0,30.0
890,000985.CSI,2023-07-05,7.245852,0.006387,0.023878,30.0,0.0,30.0
891,000985.CSI,2023-07-06,6.666116,0.006256,0.023709,10.0,0.0,30.0
892,000985.CSI,2023-07-07,6.953131,0.006259,0.023648,20.0,0.0,30.0
893,000985.CSI,2023-07-10,7.097101,0.006210,0.023539,30.0,0.0,30.0
894,000985.CSI,2023-07-11,7.261437,0.006227,0.023591,30.0,0.0,30.0
895,000985.CSI,2023-07-12,7.642277,0.006169,0.023361,40.0,0.0,30.0
896,000985.CSI,2023-07-13,8.119632,0.006250,0.023320,50.0,0.0,30.0
897,000985.CSI,2023-07-14,8.094238,0.006224,0.023256,50.0,0.0,20.0
898,000985.CSI,2023-07-17,7.944271,0.006297,0.023323,50.0,0.0,30.0
899,000985.CSI,2023-07-18,7.667387,0.006275,0.023247,40.0,0.0,20.0
900,000985.CSI,2023-07-19,7.632594,0.006393,0.023095,40.0,0.0,20.0
901,000985.CSI,2023-07-20,8.210378,0.006585,0.023007,60.0,10.0,20.0
902,000985.CSI,2023-07-21,7.379178,0.006562,0.022905,40.0,10.0,20.0
903,000985.CSI,2023-07-24,6.671834,0.006341,0.022587,20.0,0.0,20.0
904,000985.CSI,2023-07-25,7.147814,0.006870,0.022494,30.0,20.0,20.0
905,000985.CSI,2023-07-26,7.240959,0.006296,0.021987,30.0,0.0,10.0
906,000985.CSI,2023-07-27,7.487306,0.006363,0.021968,40.0,0.0,10.0
907,000985.CSI,2023-07-28,7.882675,0.006579,0.021943,50.0,10.0,10.0
908,000985.CSI,2023-07-31,7.796773,0.006753,0.021878,50.0,20.0,10.0
909,000985.CSI,2023-08-01,7.764328,0.006812,0.021870,50.0,20.0,10.0
910,000985.CSI,2023-08-02,7.593366,0.006894,0.021835,40.0,20.0,0.0
911,000985.CSI,2023-08-03,7.606171,0.006806,0.021777,40.0,20.0,0.0
912,000985.CSI,2023-08-04,7.444596,0.006901,0.021728,40.0,20.0,0.0
913,000985.CSI,2023-08-07,7.629625,0.006893,0.021635,40.0,20.0,0.0
914,000985.CSI,2023-08-08,7.373082,0.006911,0.021630,40.0,30.0,0.0
915,000985.CSI,2023-08-09,7.218752,0.006892,0.021492,30.0,20.0,0.0
916,000985.CSI,2023-08-10,6.647534,0.006872,0.021321,10.0,20.0,0.0
917,000985.CSI,2023-08-11,8.076636,0.007078,0.021263,60.0,30.0,0.0
918,000985.CSI,2023-08-14,7.858929,0.007524,0.021259,50.0,50.0,0.0
919,000985.CSI,2023-08-15,8.089013,0.007843,0.021274,60.0,50.0,0.0
920,000985.CSI,2023-08-16,8.662351,0.007880,0.021364,70.0,50.0,0.0
921,000985.CSI,2023-08-17,8.514661,0.008032,0.021615,70.0,60.0,10.0
922,000985.CSI,2023-08-18,9.558325,0.008121,0.021700,80.0,60.0,10.0
923,000985.CSI,2023-08-21,10.294092,0.008198,0.021742,80.0,60.0,10.0
924,000985.CSI,2023-08-22,9.525310,0.008334,0.022095,80.0,60.0,20.0
925,000985.CSI,2023-08-23,10.638638,0.008393,0.022165,80.0,60.0,20.0
926,000985.CSI,2023-08-24,10.666838,0.008599,0.022319,80.0,70.0,20.0
927,000985.CSI,2023-08-25,10.553693,0.008461,0.022579,80.0,70.0,20.0
928,000985.CSI,2023-08-28,10.711867,0.015146,0.026163,80.0,90.0,60.0
929,000985.CSI,2023-08-29,11.620050,0.015406,0.026589,80.0,90.0,70.0
930,000985.CSI,2023-08-30,11.460743,0.015414,0.026762,80.0,90.0,70.0
931,000985.CSI,2023-08-31,11.568323,0.015374,0.026839,80.0,90.0,70.0
932,000985.CSI,2023-09-01,11.660300,0.015331,0.026875,80.0,90.0,70.0
933,000985.CSI,2023-09-04,12.163251,0.015367,0.026945,80.0,90.0,70.0
934,000985.CSI,2023-09-05,12.370246,0.015349,0.026931,80.0,90.0,70.0
935,000985.CSI,2023-09-06,11.997469,0.015384,0.026977,80.0,90.0,80.0
936,000985.CSI,2023-09-07,12.916034,0.015374,0.027074,90.0,90.0,80.0
937,000985.CSI,2023-09-08,11.561269,0.015383,0.027142,80.0,90.0,80.0
938,000985.CSI,2023-09-11,12.016618,0.015184,0.027068,80.0,90.0,80.0
939,000985.CSI,2023-09-12,11.715125,0.015032,0.026983,80.0,90.0,80.0
940,000985.CSI,2023-09-13,11.713330,0.015072,0.026962,80.0,90.0,80.0
941,000985.CSI,2023-09-14,11.449618,0.014882,0.026728,80.0,90.0,70.0
942,000985.CSI,2023-09-15,10.507547,0.014834,0.026631,70.0,90.0,70.0
943,000985.CSI,2023-09-18,9.896455,0.014840,0.026664,70.0,90.0,70.0
944,000985.CSI,2023-09-19,9.889022,0.014527,0.026277,70.0,90.0,60.0
945,000985.CSI,2023-09-20,9.069047,0.014485,0.026166,70.0,90.0,60.0
946,000985.CSI,2023-09-21,9.468713,0.014406,0.025853,70.0,90.0,60.0
947,000985.CSI,2023-09-22,9.951515,0.014376,0.025469,70.0,90.0,60.0
948,000985.CSI,2023-09-25,9.846583,0.006846,0.021409,70.0,20.0,0.0
949,000985.CSI,2023-09-26,9.198843,0.006348,0.020766,70.0,0.0,0.0
950,000985.CSI,2023-09-27,9.341220,0.006348,0.020536,70.0,0.0,0.0
951,000985.CSI,2023-09-28,9.145946,0.006358,0.020369,70.0,10.0,0.0
952,000985.CSI,2023-10-09,9.040775,0.006489,0.020409,70.0,10.0,0.0
953,000985.CSI,2023-10-10,8.479159,0.006350,0.020382,60.0,10.0,0.0
954,000985.CSI,2023-10-11,8.191261,0.006481,0.020537,60.0,10.0,0.0
955,000985.CSI,2023-10-12,8.647016,0.006559,0.020598,60.0,10.0,0.0
956,000985.CSI,2023-10-13,8.064546,0.006603,0.020563,50.0,20.0,0.0
957,000985.CSI,2023-10-16,8.532679,0.006676,0.020628,60.0,20.0,0.0
958,000985.CSI,2023-10-17,8.029547,0.006430,0.020530,50.0,10.0,0.0
959,000985.CSI,2023-10-18,8.761000,0.006449,0.020676,70.0,10.0,0.0
960,000985.CSI,2023-10-19,9.112852,0.006412,0.020926,70.0,10.0,0.0
961,000985.CSI,2023-10-20,9.469512,0.006545,0.021226,70.0,10.0,0.0
962,000985.CSI,2023-10-23,10.541113,0.006778,0.021601,80.0,30.0,10.0
963,000985.CSI,2023-10-24,10.922979,0.006884,0.021865,80.0,30.0,20.0
964,000985.CSI,2023-10-25,10.972104,0.007188,0.022337,80.0,40.0,30.0
965,000985.CSI,2023-10-26,10.665322,0.007417,0.022735,80.0,50.0,40.0
966,000985.CSI,2023-10-27,10.743774,0.007789,0.023311,80.0,60.0,40.0
967,000985.CSI,2023-10-30,9.982203,0.007685,0.023676,80.0,60.0,50.0
968,000985.CSI,2023-10-31,9.823156,0.007748,0.023878,80.0,60.0,50.0
969,000985.CSI,2023-11-01,9.465237,0.007833,0.024038,70.0,60.0,60.0
970,000985.CSI,2023-11-02,9.737308,0.007784,0.024052,80.0,60.0,60.0
971,000985.CSI,2023-11-03,10.206211,0.007881,0.024153,80.0,60.0,60.0
972,000985.CSI,2023-11-06,10.875509,0.007865,0.024120,80.0,60.0,60.0
973,000985.CSI,2023-11-07,10.576746,0.007865,0.024078,80.0,60.0,60.0
974,000985.CSI,2023-11-08,10.440623,0.007851,0.024016,80.0,60.0,60.0
975,000985.CSI,2023-11-09,10.094498,0.007777,0.024047,80.0,60.0,60.0
976,000985.CSI,2023-11-10,9.920982,0.007757,0.024111,80.0,60.0,60.0
977,000985.CSI,2023-11-13,9.590032,0.007677,0.024026,80.0,60.0,60.0
978,000985.CSI,2023-11-14,9.701073,0.007619,0.023918,80.0,60.0,60.0
979,000985.CSI,2023-11-15,9.209456,0.007827,0.023862,70.0,60.0,50.0
980,000985.CSI,2023-11-16,8.731460,0.007615,0.023547,70.0,60.0,50.0
981,000985.CSI,2023-11-17,8.331931,0.007417,0.023253,60.0,50.0,40.0
982,000985.CSI,2023-11-20,7.386847,0.007091,0.022810,40.0,40.0,40.0
983,000985.CSI,2023-11-21,6.799588,0.007001,0.022493,20.0,40.0,30.0
984,000985.CSI,2023-11-22,6.961821,0.006834,0.022166,20.0,30.0,30.0
985,000985.CSI,2023-11-23,7.193529,0.006714,0.021840,30.0,20.0,20.0
986,000985.CSI,2023-11-24,6.999397,0.006279,0.021342,20.0,0.0,0.0
987,000985.CSI,2023-11-27,6.740003,0.006219,0.020994,20.0,0.0,0.0
988,000985.CSI,2023-11-28,6.776816,0.006216,0.020836,20.0,0.0,0.0
989,000985.CSI,2023-11-29,7.231767,0.006136,0.020736,30.0,0.0,0.0
990,000985.CSI,2023-11-30,6.770654,0.006104,0.020763,20.0,0.0,0.0
991,000985.CSI,2023-12-01,6.228057,0.006130,0.020768,10.0,0.0,0.0
992,000985.CSI,2023-12-04,5.589262,0.005913,0.020711,0.0,0.0,0.0
993,000985.CSI,2023-12-05,6.764673,0.005964,0.020729,20.0,0.0,0.0
994,000985.CSI,2023-12-06,6.966482,0.006120,0.020883,30.0,0.0,0.0
